patient_id,fever,cough,chest_pain,breathlessness,temperature,diagnosis
1,1,1,1,1,40.8,Pneumonia
2,1,0,0,0,37.5,Flu
3,0,1,0,1,37.2,Asthma
4,0,0,0,1,37.2,Asthma
5,1,1,0,1,38.9,Pneumonia
6,1,1,0,0,38.4,Flu
7,1,1,0,1,38.7,Flu
8,0,0,1,1,36.7,Asthma
9,1,1,1,1,39.6,Pneumonia
10,0,1,0,1,37.0,Asthma
11,1,1,1,1,39.2,Pneumonia
12,1,0,0,1,38.5,Flu
13,0,1,1,1,36.7,Asthma
14,0,1,0,1,36.8,Asthma
15,1,1,0,0,38.3,Flu
16,1,0,0,0,39.1,Flu
17,1,1,0,1,39.6,Pneumonia
18,1,1,0,0,38.3,Flu
19,1,1,1,1,39.5,Pneumonia
20,0,1,0,0,37.8,Flu
21,0,1,0,1,36.6,Asthma
22,1,1,0,0,39.6,Flu
23,1,1,0,0,37.9,Flu
24,1,0,0,0,38.0,Flu
25,1,1,0,1,,Pneumonia
26,0,1,0,1,36.5,Asthma
27,0,1,0,1,36.7,Asthma
28,1,1,0,0,37.3,Flu
29,0,1,0,1,36.9,Asthma
30,0,1,0,1,36.7,Asthma
31,1,1,1,1,38.9,Pneumonia
32,1,1,0,0,38.6,Flu
33,0,1,0,1,37.0,Asthma
34,0,1,0,1,36.4,Asthma
35,0,1,0,1,36.6,Asthma
36,1,1,0,0,37.5,Pneumonia
37,0,1,0,1,36.9,Asthma
38,0,1,0,1,36.9,Asthma
39,1,1,0,0,38.1,Flu
40,1,0,0,0,39.0,Flu
41,1,1,1,1,39.5,Pneumonia
42,1,0,0,0,39.0,Flu
43,1,0,1,0,38.3,Pneumonia
44,1,1,0,1,37.0,Asthma
45,0,1,0,0,38.5,Flu
46,0,1,0,1,36.4,Asthma
47,1,1,0,1,37.2,Pneumonia
48,1,0,0,0,38.5,Flu
49,1,1,0,0,39.3,Flu
50,0,1,0,1,37.8,Flu
51,0,0,1,1,37.0,Asthma
52,1,1,1,1,39.9,Pneumonia
53,1,1,0,1,39.0,Pneumonia
54,0,1,0,0,39.0,Flu
55,1,1,0,0,38.7,Pneumonia
56,1,1,0,1,39.3,Pneumonia
57,1,1,1,1,38.7,Pneumonia
58,1,1,0,0,38.0,Flu
59,1,1,0,0,38.2,Flu
60,1,1,0,1,38.5,Flu
61,0,1,0,1,37.0,Asthma
62,1,1,1,0,38.0,Pneumonia
63,1,1,0,0,38.2,Flu
64,0,1,0,1,37.3,Asthma
65,1,1,1,1,39.0,Pneumonia
66,1,1,1,1,39.4,Pneumonia
67,1,1,0,1,40.1,Pneumonia
68,0,0,0,1,36.9,Asthma
69,0,1,0,1,36.6,Asthma
70,0,1,0,1,37.0,Asthma
71,1,1,0,0,38.6,Flu
72,1,0,0,0,38.0,Flu
73,1,1,1,0,39.3,Pneumonia
74,1,1,0,0,39.7,Pneumonia
75,0,1,0,1,36.9,Asthma
76,1,1,0,0,38.0,Pneumonia
77,0,0,0,1,36.7,Asthma
78,1,1,0,0,39.4,Flu
79,1,1,0,1,39.5,Pneumonia
80,1,1,0,0,39.4,Flu
81,1,1,0,0,38.0,Flu
82,1,1,1,1,39.7,Pneumonia
83,0,1,1,1,37.1,Asthma
84,0,0,0,0,,Flu
85,1,1,1,0,38.7,Pneumonia
86,1,1,1,0,38.8,Flu
87,1,1,0,0,,Flu
88,1,0,0,1,39.0,Pneumonia
89,0,1,0,1,36.9,Asthma
90,1,1,0,1,38.2,Flu
91,1,1,1,1,38.7,Pneumonia
92,0,0,1,1,37.1,Asthma
93,1,1,1,1,39.6,Pneumonia
94,0,1,1,1,36.5,Asthma
95,0,0,0,0,36.3,Asthma
96,1,1,0,1,38.6,Pneumonia
97,0,1,0,1,36.8,Asthma
98,0,1,0,1,39.9,Flu
99,1,1,0,0,39.5,Flu
100,1,1,0,0,38.9,Flu
101,1,1,1,1,39.5,Pneumonia
102,1,1,1,1,38.8,Pneumonia
103,0,0,0,0,38.5,Flu
104,0,1,0,1,37.2,Asthma
105,1,1,1,1,39.6,Pneumonia
106,0,1,0,1,37.1,Asthma
107,1,1,0,0,38.8,Flu
108,0,1,1,1,38.8,Pneumonia
109,1,1,0,0,38.9,Flu
110,1,1,0,0,39.3,Flu
111,1,1,0,0,38.2,Flu
112,0,1,0,1,37.6,Asthma
113,0,1,1,1,36.8,Asthma
114,0,1,0,1,36.7,Asthma
115,0,1,0,1,38.0,Flu
116,1,0,0,1,38.1,Flu
117,0,1,0,1,37.1,Asthma
118,1,1,1,1,39.6,Pneumonia
119,1,1,1,1,39.6,Pneumonia
120,1,1,0,0,38.5,Flu
121,0,1,0,1,37.0,Asthma
122,1,1,0,1,37.6,Flu
123,0,1,1,1,36.9,Asthma
124,1,1,1,0,37.6,Flu
125,0,0,0,1,37.1,Asthma
126,0,1,1,1,,Asthma
127,1,1,1,1,39.0,Pneumonia
128,1,1,0,0,38.1,Flu
129,1,1,1,0,40.2,Pneumonia
130,1,0,0,0,38.9,Flu
131,1,1,1,0,38.6,Flu
132,1,1,1,1,38.9,Pneumonia
133,1,1,1,1,38.1,Pneumonia
134,1,1,0,0,37.6,Flu
135,0,1,0,0,38.7,Flu
136,1,1,1,0,38.0,Flu
137,1,1,1,0,40.2,Pneumonia
138,1,1,1,0,38.4,Flu
139,1,1,0,0,37.9,Flu
140,1,1,1,1,39.4,Pneumonia
141,0,1,0,1,37.2,Asthma
142,1,1,0,0,38.5,Pneumonia
143,0,1,0,0,39.2,Flu
144,0,0,0,1,36.9,Asthma
145,0,1,0,0,36.9,Asthma
146,0,0,0,1,37.4,Asthma
147,0,1,1,1,36.9,Asthma
148,1,1,0,0,39.0,Flu
149,1,1,1,1,39.2,Pneumonia
150,1,1,1,1,40.8,Pneumonia
151,1,1,0,1,37.6,Flu
152,0,0,0,1,37.0,Asthma
153,0,1,0,1,36.6,Asthma
154,1,1,0,1,39.3,Pneumonia
155,0,0,0,1,36.7,Asthma
156,1,1,1,1,38.4,Pneumonia
157,0,1,1,1,36.1,Asthma
158,1,1,0,0,38.4,Pneumonia
159,1,1,0,0,38.8,Flu
160,0,1,0,1,37.3,Asthma
161,0,1,0,1,36.3,Asthma
162,0,1,0,1,36.8,Asthma
163,0,0,0,1,36.4,Asthma
164,0,1,0,1,38.7,Pneumonia
165,1,1,0,0,38.0,Flu
166,1,0,0,0,38.9,Flu
167,1,1,0,1,36.3,Asthma
168,1,1,0,1,38.3,Pneumonia
169,1,1,0,0,38.0,Flu
170,0,1,0,1,37.2,Asthma
171,0,1,0,1,37.2,Asthma
172,1,1,0,1,36.7,Asthma
173,0,1,0,1,36.5,Asthma
174,0,0,0,0,38.8,Flu
175,1,1,0,0,38.9,Flu
176,1,0,0,0,38.1,Flu
177,0,1,0,1,36.9,Asthma
178,1,1,1,1,40.0,Pneumonia
179,0,1,0,0,38.3,Flu
180,1,1,1,1,36.9,Asthma
181,1,1,0,1,37.8,Flu
182,1,0,0,1,40.0,Pneumonia
183,1,1,1,1,,Pneumonia
184,1,1,0,0,37.6,Flu
185,1,1,1,1,39.6,Pneumonia
186,0,1,0,1,37.0,Asthma
187,1,1,0,0,38.6,Flu
188,1,1,1,0,38.9,Flu
189,1,0,1,1,39.1,Pneumonia
190,1,1,0,0,38.5,Flu
191,1,0,1,0,39.3,Flu
192,1,1,0,0,39.4,Flu
193,1,0,1,0,38.3,Pneumonia
194,1,1,1,0,39.1,Flu
195,0,0,0,0,38.6,Flu
196,1,1,1,1,38.7,Flu
197,0,1,1,1,38.9,Pneumonia
198,1,1,0,0,38.4,Flu
199,0,1,0,0,38.2,Flu
200,0,0,0,1,36.6,Asthma
201,0,1,1,1,36.9,Asthma
202,1,1,1,1,39.2,Pneumonia
203,1,1,0,1,38.3,Flu
204,1,1,1,1,,Pneumonia
205,1,0,0,1,38.7,Pneumonia
206,0,1,0,1,37.1,Asthma
207,0,1,0,1,,Asthma
208,1,1,1,1,39.1,Pneumonia
209,1,1,1,0,40.2,Pneumonia
210,1,0,1,1,39.1,Pneumonia
211,1,1,0,0,38.5,Flu
212,1,1,0,1,36.7,Asthma
213,0,1,1,1,39.5,Pneumonia
214,0,1,1,1,37.5,Asthma
215,0,0,0,1,36.9,Asthma
216,0,1,0,1,36.5,Asthma
217,0,1,1,1,36.9,Asthma
218,1,0,0,1,36.2,Asthma
219,0,0,0,1,36.9,Asthma
220,1,0,0,0,38.1,Flu
221,1,1,1,1,37.7,Pneumonia
222,1,1,0,0,38.6,Flu
223,1,1,0,0,38.6,Flu
224,1,0,0,0,39.5,Pneumonia
225,0,1,0,0,38.2,Flu
226,0,1,0,1,37.2,Asthma
227,0,1,0,1,37.2,Asthma
228,1,1,0,0,37.8,Flu
229,1,1,1,0,38.6,Flu
230,1,0,1,1,39.1,Pneumonia
231,1,1,1,1,38.5,Pneumonia
232,1,1,1,1,39.1,Pneumonia
233,1,1,0,1,36.7,Flu
234,1,1,0,0,37.5,Flu
235,0,1,0,1,37.2,Asthma
236,1,1,0,1,36.7,Asthma
237,1,1,1,0,39.8,Pneumonia
238,1,1,1,0,39.6,Pneumonia
239,0,0,1,1,37.1,Asthma
240,1,1,1,1,39.1,Pneumonia
241,0,0,0,1,36.8,Asthma
242,0,0,0,0,36.8,Asthma
243,0,1,0,1,37.1,Asthma
244,0,1,0,1,36.3,Asthma
245,1,1,0,0,38.1,Flu
246,0,0,1,1,37.0,Asthma
247,1,1,0,0,39.1,Flu
248,1,1,0,0,38.9,Flu
249,1,1,0,0,39.4,Flu
250,1,1,0,0,38.5,Flu
251,0,0,0,1,36.6,Asthma
252,0,1,0,1,36.7,Asthma
253,0,1,1,1,38.9,Pneumonia
254,1,1,0,1,37.2,Pneumonia
255,0,1,0,1,36.9,Asthma
256,0,0,0,1,36.9,Asthma
257,1,0,0,0,38.9,Flu
258,1,1,1,1,38.9,Pneumonia
259,0,1,0,0,38.0,Flu
260,0,0,0,1,36.4,Asthma
261,1,1,0,0,38.2,Flu
262,1,1,0,1,39.3,Pneumonia
263,1,1,0,1,38.7,Flu
264,1,1,1,1,40.8,Pneumonia
265,1,1,0,1,39.2,Flu
266,1,1,0,1,39.4,Flu
267,0,1,1,1,37.2,Asthma
268,1,1,0,0,38.8,Flu
269,0,1,0,1,36.6,Asthma
270,1,1,0,0,37.9,Flu
271,0,1,0,1,38.6,Flu
272,1,1,1,1,39.1,Pneumonia
273,1,0,1,1,39.6,Pneumonia
274,1,1,1,1,39.1,Pneumonia
275,0,1,1,1,37.3,Asthma
276,1,1,0,0,38.5,Flu
277,0,0,0,0,36.7,Asthma
278,0,1,1,1,,Asthma
279,1,1,0,0,38.9,Flu
280,0,1,0,1,37.0,Asthma
281,1,1,1,1,38.7,Pneumonia
282,0,1,1,1,37.3,Asthma
283,0,1,0,1,,Asthma
284,0,1,1,1,36.8,Asthma
285,1,0,0,1,39.3,Flu
286,1,1,0,0,39.4,Flu
287,1,1,0,0,39.1,Pneumonia
288,1,0,0,1,37.1,Flu
289,0,1,1,1,37.1,Asthma
290,0,1,1,1,39.5,Pneumonia
291,1,1,0,0,38.4,Flu
292,1,0,1,1,40.0,Pneumonia
293,0,0,1,1,36.4,Asthma
294,1,1,1,0,40.8,Pneumonia
295,1,1,0,0,38.7,Flu
296,1,1,1,0,38.6,Pneumonia
297,1,0,0,0,37.7,Flu
298,1,1,0,0,37.2,Flu
299,1,1,0,0,39.0,Flu
300,1,1,0,0,37.4,Flu
301,1,0,0,1,39.0,Pneumonia
302,1,1,1,1,40.4,Pneumonia
303,1,1,0,0,37.8,Flu
304,1,1,0,0,40.1,Pneumonia
305,1,1,0,0,38.6,Flu
306,1,1,1,1,39.6,Pneumonia
307,1,0,1,0,38.4,Flu
308,0,1,1,1,36.7,Asthma
309,1,0,0,0,38.8,Flu
310,1,0,0,1,39.5,Flu
311,0,0,0,1,36.9,Asthma
312,0,1,0,1,36.3,Asthma
313,0,1,0,0,37.3,Asthma
314,1,1,0,1,38.4,Flu
315,1,1,0,1,38.2,Pneumonia
316,1,1,0,0,39.1,Pneumonia
317,0,1,1,1,37.1,Asthma
318,0,0,1,1,36.9,Asthma
319,1,1,0,0,38.7,Flu
320,1,0,1,1,40.8,Pneumonia
321,1,1,1,0,38.0,Pneumonia
322,0,1,1,1,36.7,Asthma
323,1,0,0,0,38.4,Pneumonia
324,1,1,0,1,38.9,Pneumonia
325,1,1,0,0,39.1,Flu
326,1,1,1,1,38.7,Pneumonia
327,0,1,1,1,39.6,Pneumonia
328,0,1,1,1,37.3,Asthma
329,1,1,1,0,38.5,Pneumonia
330,0,1,1,1,36.9,Asthma
331,1,1,0,0,38.4,Flu
332,0,1,0,1,36.7,Asthma
333,0,1,0,1,37.0,Asthma
334,1,1,0,0,37.3,Pneumonia
335,1,1,0,0,39.0,Flu
336,1,1,0,1,39.0,Pneumonia
337,1,1,0,1,38.5,Flu
338,0,0,0,1,36.9,Asthma
339,1,1,1,1,38.8,Pneumonia
340,1,1,1,0,38.5,Flu
341,1,1,0,1,40.7,Pneumonia
342,1,1,0,0,39.5,Flu
343,0,1,1,1,36.7,Asthma
344,1,1,0,0,38.1,Flu
345,0,0,0,1,36.8,Asthma
346,1,1,1,1,38.2,Pneumonia
347,1,1,1,1,39.4,Pneumonia
348,1,0,0,0,,Flu
349,1,1,1,0,39.7,Pneumonia
350,0,1,0,1,37.0,Asthma
351,1,1,0,0,37.8,Flu
352,1,1,1,1,39.5,Pneumonia
353,1,1,0,1,39.5,Pneumonia
354,0,1,1,1,39.8,Pneumonia
355,1,1,1,1,38.6,Pneumonia
356,1,1,0,0,38.5,Pneumonia
357,0,0,0,1,37.3,Asthma
358,0,0,1,1,36.8,Asthma
359,1,0,1,1,37.7,Pneumonia
360,1,1,1,1,39.4,Pneumonia
361,0,1,0,0,38.0,Flu
362,1,1,1,1,39.2,Pneumonia
363,0,0,0,1,36.5,Asthma
364,1,1,0,0,38.5,Flu
365,1,1,1,1,37.9,Flu
366,1,1,0,0,38.5,Flu
367,1,1,1,0,38.1,Pneumonia
368,1,1,1,1,40.2,Pneumonia
369,1,1,0,0,37.9,Flu
370,1,0,0,0,38.1,Flu
371,1,1,0,0,38.4,Flu
372,1,1,1,1,39.2,Pneumonia
373,1,1,0,0,39.3,Flu
374,0,1,0,1,37.0,Asthma
375,1,0,0,0,38.8,Flu
376,1,1,0,1,39.0,Flu
377,0,1,0,1,37.3,Asthma
378,1,0,0,0,38.3,Flu
379,1,1,0,1,38.2,Pneumonia
380,1,1,1,1,39.1,Pneumonia
381,1,1,0,0,38.6,Flu
382,1,0,0,0,39.8,Pneumonia
383,0,0,1,1,37.1,Asthma
384,1,1,1,1,38.1,Pneumonia
385,1,1,0,1,39.7,Pneumonia
386,1,1,0,1,38.6,Pneumonia
387,1,1,0,1,39.8,Pneumonia
388,0,0,0,1,37.1,Asthma
389,0,0,1,1,36.7,Asthma
390,1,1,1,1,39.4,Pneumonia
391,0,1,1,1,36.4,Asthma
392,1,0,0,0,38.6,Flu
393,1,0,0,0,39.3,Flu
394,1,0,0,0,38.9,Flu
395,0,0,0,1,36.4,Asthma
396,0,1,1,1,38.4,Pneumonia
397,1,1,1,0,39.8,Pneumonia
398,0,0,0,1,39.4,Flu
399,0,1,0,1,36.5,Asthma
400,1,1,1,1,40.1,Pneumonia
401,0,0,0,0,37.1,Asthma
402,0,1,1,1,37.1,Asthma
403,1,1,1,1,38.8,Pneumonia
404,1,1,1,1,37.7,Pneumonia
405,1,1,0,1,39.2,Pneumonia
406,0,1,0,0,38.4,Flu
407,0,1,1,1,36.6,Asthma
408,1,1,1,1,37.2,Flu
409,0,0,0,1,,Asthma
410,1,1,0,0,39.5,Flu
411,1,1,0,0,38.6,Flu
412,1,1,1,0,40.6,Pneumonia
413,0,0,0,1,36.7,Asthma
414,0,1,0,1,37.0,Asthma
415,1,1,0,1,36.3,Asthma
416,1,1,0,0,38.9,Flu
417,0,1,0,1,36.8,Asthma
418,1,1,1,0,38.8,Pneumonia
419,0,1,0,1,36.6,Asthma
420,0,1,1,1,37.3,Asthma
421,1,0,0,1,37.1,Asthma
422,1,1,0,0,37.8,Flu
423,1,0,0,1,38.3,Flu
424,1,1,0,1,39.0,Pneumonia
425,1,1,0,0,38.3,Flu
426,0,1,1,1,36.8,Asthma
427,1,1,1,0,39.6,Pneumonia
428,0,1,1,1,36.8,Asthma
429,1,0,0,0,38.8,Flu
430,1,1,0,0,37.6,Flu
431,1,0,0,0,39.4,Flu
432,1,1,0,0,38.6,Flu
433,1,1,0,1,38.4,Flu
434,0,1,1,1,39.9,Pneumonia
435,1,1,1,1,38.1,Pneumonia
436,1,1,0,0,38.3,Flu
437,1,0,1,0,40.9,Pneumonia
438,0,0,0,1,37.2,Asthma
439,0,1,1,1,40.0,Pneumonia
440,0,1,0,1,37.0,Asthma
441,0,1,1,1,39.9,Pneumonia
442,1,1,1,1,39.8,Pneumonia
443,1,1,0,0,37.8,Flu
444,1,1,0,0,38.6,Flu
445,1,1,0,0,37.2,Asthma
446,1,1,1,0,39.7,Pneumonia
447,1,1,0,1,41.2,Pneumonia
448,0,0,1,1,36.7,Asthma
449,0,1,0,1,36.9,Asthma
450,1,1,0,0,38.3,Flu
451,1,1,0,0,37.9,Flu
452,0,1,0,1,37.4,Asthma
453,0,1,0,1,37.0,Asthma
454,1,0,0,1,39.0,Flu
455,0,1,1,1,37.0,Asthma
456,1,1,1,1,38.4,Pneumonia
457,0,0,0,1,36.4,Asthma
458,1,1,1,0,39.8,Pneumonia
459,1,1,0,1,39.1,Flu
460,1,0,1,1,38.4,Pneumonia
461,1,1,0,1,37.8,Flu
462,1,0,0,0,38.3,Flu
463,0,0,1,1,37.1,Asthma
464,1,1,0,1,38.9,Pneumonia
465,0,1,1,1,36.9,Asthma
466,0,1,0,0,38.3,Flu
467,0,1,1,1,36.6,Asthma
468,1,1,1,0,39.0,Pneumonia
469,1,1,1,1,39.8,Pneumonia
470,0,0,0,1,36.8,Asthma
471,1,1,1,1,39.6,Pneumonia
472,1,1,0,0,38.4,Flu
473,0,1,0,0,39.5,Flu
474,1,1,1,1,38.7,Pneumonia
475,1,1,1,1,39.6,Pneumonia
476,0,1,0,1,37.5,Asthma
477,1,1,0,0,37.6,Pneumonia
478,0,1,0,1,37.1,Asthma
479,1,1,1,1,39.5,Pneumonia
480,1,1,1,1,38.7,Pneumonia
481,0,1,0,1,,Asthma
482,1,1,1,1,39.8,Pneumonia
483,1,1,0,0,38.7,Flu
484,1,1,0,0,38.6,Flu
485,1,1,0,0,39.0,Flu
486,1,1,0,0,40.1,Flu
487,0,1,1,1,37.2,Asthma
488,1,0,0,0,38.8,Flu
489,0,1,0,0,36.9,Asthma
490,1,1,0,0,37.1,Flu
491,0,0,0,1,36.7,Asthma
492,1,1,0,1,39.7,Pneumonia
493,1,1,0,0,38.4,Flu
494,1,1,1,1,39.5,Pneumonia
495,1,0,0,1,38.7,Flu
496,1,1,0,0,37.3,Flu
497,0,1,0,1,37.2,Asthma
498,1,1,0,0,38.9,Flu
499,1,1,0,0,39.7,Flu
500,1,1,1,0,38.7,Pneumonia
